"cluster","age","resting_bp","cholesterol","max_heart_rate","oldpeak"
"1",60.7611940298507,139.649253731343,262.626865671642,134.708955223881,1.71119402985075
"2",49.4294478527607,125.153374233129,234.791411042945,161.840490797546,0.516564417177914
