"accuracy","sensitivity","specificity"
0.842696629213483,0.790697674418605,0.891304347826087
