"heart_disease","age","resting_bp","cholesterol","max_heart_rate","oldpeak"
"Disease",56.7591240875912,134.63503649635,251.85401459854,139.109489051095,1.58905109489051
"No disease",52.64375,129.175,243.49375,158.58125,0.59875
